date,10409,10366,176562,10363,10473
2015-09-01,0.5114084,0.1253077,0.2812774,0.0335771,0.0168263
2015-09-02,0.7577533,0.1375336,0.3495849,0.0191653,0.0578821
2015-09-03,0.5324865,0.05992,0.2127645,0.0253475,0.0198054
2015-09-04,0.6771721,0.1050638,0.2439996,0.0405526,0.0385778
2015-09-05,0.6016784,0.1197815,0.2292655,0.0325743,0.0237644
2015-09-06,0.4990263,0.1296481,0.2847859,0.0298328,0.027641
2015-09-07,0.6397998,0.1174177,0.2410896,0.0410495,0.0219574
2015-09-08,0.6665163,0.1531026,0.278784,0.0264678,0.0378445
2015-09-09,0.6550825,0.1344606,0.2969044,0.046318,0.0507199
2015-09-10,0.5613432,0.1296161,0.3006355,0.0622314,0.0378582
2015-09-11,0.6327789,0.1626594,0.2968168,0.0468205,0.0357388
2015-09-12,0.5789698,0.1737575,0.2672784,0.0567061,0.0386811
2015-09-13,0.4554958,0.1444665,0.1831547,0.0317233,0.0168714
2015-09-14,0.5145185,0.1465936,0.2932684,0.0484701,0.0329645
2015-09-15,0.776123,0.1688153,0.3116093,0.0653905,0.0296559
2015-09-16,0.8114473,0.1263299,0.349949,0.0500252,0.0449662
2015-09-17,0.6011685,0.1919364,0.3008133,0.0413709,0.0436371
2015-09-18,0.7574538,0.1868076,0.3076428,0.0551815,0.0414404
2015-09-19,0.6885018,0.1660743,0.308881,0.0622722,0.0273587
2015-09-20,0.714457,0.1356248,0.246353,0.0675301,0.0380087
2015-09-21,0.5471062,0.1364183,0.2818887,0.034896,0.0279223
2015-09-22,0.650349,0.2041038,0.3138404,0.0554723,0.0267014
2015-09-23,0.6697519,0.141396,0.3574007,0.0587453,0.0717916
2015-09-24,0.7373966,0.1246452,0.3606987,0.0542954,0.0617038
2015-09-25,0.8933832,0.1621442,0.3765303,0.0440914,0.0619148
2015-09-26,0.6928666,0.1901739,0.2688479,0.0617655,0.0463755
2015-09-27,0.351105,0.0474659,0.2368711,0.0416496,0.0312053
2015-09-28,0.8092669,0.1104571,0.3164524,0.0460788,0.042136
2015-09-29,0.7667166,0.1771631,0.3476137,0.0477616,0.0333411
2015-09-30,0.8566957,0.2589303,0.3789122,0.0262495,0.049519
2015-10-01,0.6714963,0.1104541,0.2880026,0.0283983,0.0315509
2015-10-02,0.4202172,0.0808086,0.257662,0.0329584,0.0459395
2015-10-03,0.3703853,0.0704744,0.2220172,0.0303138,0.0361824
2015-10-04,0.3831561,0.0855139,0.2042215,0.0260667,0.0082219
2015-10-05,0.4390156,0.0604618,0.2607979,0.0249202,0.0389004
2015-10-06,0.5378262,0.1142599,0.2844878,0.0305543,0.016308
2015-10-07,0.5692698,0.0882497,0.3127964,0.0489182,0.0368854
2015-10-08,0.6853933,0.146988,0.3392988,0.0400647,0.0629593
2015-10-09,0.7317923,0.1001005,0.2968552,0.0506552,0.0387673
2015-10-10,0.6147096,0.1104772,0.236838,0.033146,0.0559311
2015-10-11,0.4510898,0.1037422,0.2449254,0.0273284,0.048663
2015-10-12,0.5230307,0.1111255,0.3661954,0.0378989,0.0493844
2015-10-13,0.5014366,0.1731982,0.3151202,0.0328023,0.0364001
2015-10-14,0.5840185,0.190405,0.3269231,0.0456254,0.0699132
2015-10-15,0.5095114,0.1357007,0.3182227,0.0437424,0.0681401
2015-10-16,0.5590474,0.1958063,0.3901446,0.0311564,0.0391033
2015-10-17,0.6389903,0.1422664,0.3356732,0.0286175,0.0608404
2015-10-18,0.4889948,0.1509651,0.2970354,0.0325403,0.0520459
2015-10-19,0.5610466,0.1679025,0.3765542,0.0294163,0.0535444
2015-10-20,0.4949484,0.1642746,0.3102228,0.0560433,0.0845896
2015-10-21,0.590048,0.1995886,0.3226263,0.0557489,0.0826063
2015-10-22,0.6328387,0.2017051,0.3546104,0.0361734,0.0957412
2015-10-23,0.7551136,0.1760064,0.3975067,0.085115,0.0645461
2015-10-24,0.7269723,0.1419656,0.3161974,0.0651942,0.0785825
2015-10-25,0.5357513,0.0966754,0.3142623,0.0433058,0.0761575
2015-10-26,0.6323314,0.1612263,0.3866174,0.0423798,0.0760164
2015-10-27,0.5703422,0.1914835,0.3453435,0.0616339,0.0689326
2015-10-28,0.6541243,0.2064585,0.392271,0.0267387,0.0749916
2015-10-29,0.6395753,0.1933844,0.387847,0.0628201,0.0568565
2015-10-30,0.7309748,0.152405,0.3993078,0.0570168,0.0598005
2015-10-31,1.2443598,0.1732751,0.4451855,0.0912029,0.13103
2015-11-01,0.6167478,0.1346204,0.2734616,0.0343974,0.0538853
2015-11-02,0.6247986,0.1878906,0.3619972,0.0601693,0.074289
2015-11-03,0.6214914,0.1998093,0.3776612,0.0654466,0.072532
2015-11-04,0.6582464,0.1934358,0.33912,0.0741762,0.0660391
2015-11-05,0.6893648,0.1587738,0.4481309,0.0590359,0.0746998
2015-11-06,0.6335703,0.1813524,0.3952565,0.0689643,0.0637447
2015-11-07,0.6545838,0.1852902,0.3492024,0.0761212,0.0608398
2015-11-08,0.6207449,0.0552368,0.2746338,0.034946,0.0840726
2015-11-09,0.6455575,0.2243634,0.3912781,0.0611632,0.0753814
2015-11-10,0.6216471,0.1341156,0.3905657,0.0607994,0.056825
2015-11-11,0.6723562,0.1388765,0.4082548,0.0660921,0.0632608
2015-11-12,0.7000692,0.1312476,0.4522915,0.0525919,0.0788031
2015-11-13,0.670505,0.155526,0.3963581,0.0485809,0.070481
2015-11-14,0.6095462,0.1517179,0.3718651,0.048142,0.0451368
2015-11-15,0.4593852,0.1339202,0.271689,0.0564402,0.085237
2015-11-16,0.5029865,0.1527749,0.3811512,0.0740449,0.0875343
2015-11-17,0.5442718,0.2065973,0.3771669,0.0412392,0.0989431
2015-11-18,0.7309455,0.1987566,0.3935065,0.0800308,0.0753157
2015-11-19,0.5631661,0.3205246,0.4612635,0.0440214,0.1254919
2015-11-20,0.6627794,0.2663581,0.4688355,0.0870685,0.1245871
2015-11-21,0.6076365,0.12394,0.3910172,0.0609614,0.1070539
2015-11-22,0.6216633,0.1034424,0.3071623,0.0254963,0.0474318
2015-11-23,0.5959504,0.1595818,0.3929339,0.055791,0.0504071
2015-11-24,0.5427026,0.137636,0.414485,0.0318556,0.0477948
2015-11-25,0.5857087,0.1624302,0.4324452,0.028217,0.0723742
2015-11-26,0.584627,0.2031766,0.4151444,0.022365,0.0443353
2015-11-27,0.6415277,0.1172007,0.4247192,0.0618901,0.0585132
2015-11-28,0.9752547,0.1974166,0.4177001,0.0463909,0.0875197
2015-11-29,0.5302083,0.1636418,0.3334688,0.0328276,0.056163
2015-11-30,0.5292125,0.1669266,0.4222249,0.0749191,0.0655012
2015-12-01,0.6099435,0.1217724,0.4029168,0.0346801,0.0435727
2015-12-02,0.5993783,0.2104806,0.3902686,0.0239576,0.0443004
2015-12-03,0.5630968,0.1493364,0.4115917,0.0220219,0.0411646
2015-12-04,0.5631993,0.2273296,0.4037577,0.0292794,0.1172694
2015-12-05,0.5342506,0.2172836,0.370467,0.0492946,0.073779
2015-12-06,0.5444231,0.2008078,0.2811865,0.051574,0.0521387
2015-12-07,0.563139,0.1670159,0.4891608,0.0544163,0.096044
2015-12-08,0.5708292,0.205516,0.393391,0.0281201,0.090831
2015-12-09,0.534253,0.1970907,0.4506925,0.0490384,0.0650991
2015-12-10,0.6403366,0.286629,0.3414412,0.0568002,0.0729969
2015-12-11,0.651993,0.2616323,0.4514851,0.0313871,0.062827
2015-12-12,0.4790097,0.2256292,0.4269149,0.0319345,0.059257
2015-12-13,0.4945808,0.2001836,0.3478739,0.0373488,0.0834548
2015-12-14,0.660007,0.2203098,0.3735832,0.0402654,0.0937396
2015-12-15,0.6962777,0.2244301,0.4409499,0.0296375,0.06395
2015-12-16,0.8112778,0.2315715,0.4536622,0.0386676,0.0786613
2015-12-17,0.6077857,0.245133,0.3988255,0.0472728,0.0670867
2015-12-18,0.6906093,0.2754471,0.4493188,0.0365252,0.1128947
2015-12-19,0.5985631,0.2840929,0.4021067,0.0536199,0.0841761
2015-12-20,0.4511014,0.2528314,0.3312703,0.0526195,0.0796408
2015-12-21,0.6635263,0.3596795,0.4668948,0.0672108,0.0865916
2015-12-22,0.6461854,0.2716049,0.4151753,0.0693708,0.0752413
2015-12-23,0.6196607,0.2360955,0.4457395,0.0531456,0.06691
2015-12-24,0.6922846,0.2178776,0.5088894,0.0600257,0.1042138
2015-12-25,0.6043646,0.3234259,0.5078687,0.0931191,0.1036022
2015-12-26,0.576545,0.2340568,0.4215737,0.074343,0.1134359
2015-12-27,0.5677148,0.2115004,0.3684185,0.0926442,0.1055158
2015-12-28,0.5922017,0.2411024,0.4367973,0.0842937,0.0701539
2015-12-29,0.6497229,0.1753987,0.4716254,0.0787802,0.0923165
2015-12-30,0.6284752,0.2331351,0.4560682,0.0680447,0.0747844
2015-12-31,0.7429474,0.2622115,0.572774,0.0894256,0.103531
2016-01-01,0.5546114,0.2288933,0.30088,0.0820596,0.0860354
2016-01-02,0.4265202,0.2132142,0.3359524,0.0514029,0.0788304
2016-01-03,0.4597522,0.1819982,0.3907012,0.0329987,0.0745344
2016-01-04,0.5600373,0.1934112,0.4000408,0.0579472,0.0820898
2016-01-05,0.5181804,0.1851631,0.4626227,0.0487743,0.0744641
2016-01-06,0.5055727,0.276592,0.4882651,0.0582699,0.104987
2016-01-07,0.5932668,0.2417454,0.4360045,0.0383074,0.0826342
2016-01-08,0.6310861,0.2474701,0.4321337,0.0793354,0.1029178
2016-01-09,0.5500717,0.2191499,0.4403354,0.0564637,0.0639128
2016-01-10,0.4614776,0.2340505,0.3252562,0.0658867,0.0764824
2016-01-11,0.5626813,0.2315489,0.4861403,0.0636246,0.090001
2016-01-12,0.6560513,0.2829471,0.4897969,0.0862737,0.0777591
2016-01-13,0.5300707,0.2632612,0.4967923,0.0674044,0.0811385
2016-01-14,0.5990051,0.2354565,0.5032196,0.0739873,0.0723239
2016-01-15,0.6259042,0.2714916,0.4729297,0.0569988,0.0851345
2016-01-16,0.523397,0.2682636,0.4519972,0.0638304,0.0768903
2016-01-17,0.4782781,0.1931956,0.3923246,0.0728198,0.0722924
2016-01-18,0.6062345,0.2210217,0.5592244,0.0805639,0.1069002
2016-01-19,0.612827,0.2007998,0.4252876,0.0729704,0.1163142
2016-01-20,0.5846461,0.2531121,0.5584563,0.0672256,0.0649888
2016-01-21,0.5176572,0.2356109,0.4997245,0.0500684,0.0693704
2016-01-22,0.6048791,0.2516718,0.5064383,0.058585,0.0705484
2016-01-23,0.5745311,0.263811,0.4100889,0.074709,0.0590777
2016-01-24,0.4784094,0.2477541,0.3962056,0.0728567,0.0721542
2016-01-25,0.5602943,0.3036175,0.4631017,0.0770614,0.094895
2016-01-26,0.5815045,0.2717545,0.5268341,0.0561981,0.1045291
2016-01-27,0.5613314,0.291205,0.4586005,0.0598673,0.0507432
2016-01-28,0.5030371,0.2745597,0.4725723,0.08861,0.0902602
2016-01-29,1.125348,0.4943326,0.6412969,0.0724394,0.1049448
2016-01-30,0.5719997,0.2488777,0.522456,0.0548939,0.0748642
2016-01-31,0.5166937,0.1882146,0.3566226,0.0537881,0.1230959
2016-02-01,0.5366365,0.2272967,0.4575718,0.0358904,0.0680238
2016-02-02,0.5656846,0.1678923,0.3979871,0.0427219,0.0929849
2016-02-03,0.5404618,0.1650578,0.4177555,0.0331064,0.075629
2016-02-04,0.5345158,0.1699306,0.3435058,0.0342318,0.0691389
2016-02-05,0.4172341,0.1054183,0.2500116,0.0166319,0.0719784
2016-02-06,0.4251598,0.1165582,0.1115783,0.02124,0.0587452
2016-02-07,0.2126071,0.0459428,0.0,0.0121301,0.0457065
2016-02-08,0.1473961,0.0659101,0.0037066,0.0069189,0.0164875
2016-02-09,0.1194114,0.0659788,0.003116,0.0055844,0.0432272
2016-02-10,0.1029487,0.0404074,0.0,0.0074335,0.0220841
2016-02-11,0.1459958,0.0597266,0.0996823,0.0060733,0.039726
2016-02-12,0.1083651,0.0592551,0.1901431,0.0039747,0.0341482
2016-02-13,0.1681199,0.0726335,0.2613481,0.025293,0.0444712
2016-02-14,0.2408564,0.1141879,0.2575201,0.0339276,0.0554507
2016-02-15,0.2722365,0.1183574,0.284888,0.0244972,0.0712145
2016-02-16,0.3488509,0.1586041,0.3095004,0.0345709,0.0693395
2016-02-17,0.2960196,0.1815346,0.350788,0.0342097,0.0802746
2016-02-18,0.4073038,0.2163492,0.3529981,0.0354736,0.1053354
2016-02-19,0.4919669,0.2125682,0.3503508,0.0561671,0.0873797
2016-02-20,0.4683094,0.2323044,0.2886744,0.0605286,0.089054
2016-02-21,0.4983462,0.1705061,0.3894784,0.0453648,0.090906
2016-02-22,0.4774994,0.2239981,0.3640156,0.0527676,0.0719942
2016-02-23,0.4958441,0.2041615,0.4423093,0.0591249,0.0502501
2016-02-24,0.4838231,0.2617357,0.3912748,0.0727144,0.0888139
2016-02-25,0.4313401,0.2013214,0.5026441,0.0553765,0.0506876
2016-02-26,0.5107862,0.2526671,0.5752779,0.0666832,0.0917483
2016-02-27,0.4729171,0.2386508,0.508804,0.0593613,0.1367374
2016-02-28,0.5260387,0.2178815,0.4774783,0.0669481,0.1167366
2016-02-29,0.493518,0.2820135,0.5213107,0.0651803,0.1023032
2016-03-01,0.4659792,0.2601967,0.4973053,0.0648905,0.0596706
2016-03-02,0.503458,0.2248026,0.4245692,0.0555296,0.1077186
2016-03-03,0.5261815,0.2710951,0.4891588,0.0819166,0.1002456
2016-03-04,0.4621634,0.2924553,0.506526,0.082561,0.1192749
2016-03-05,0.5288809,0.3029976,0.4519194,0.0585989,0.0946117
2016-03-06,0.4645175,0.2586355,0.4488612,0.0913644,0.1051804
2016-03-07,0.4756013,0.2922495,0.5177782,0.0884471,0.0873052
2016-03-08,0.4978199,0.3317798,0.5262321,0.0679637,0.0743264
2016-03-09,0.5777494,0.2581737,0.4545733,0.0763724,0.1065733
2016-03-10,0.547388,0.3626067,0.4803187,0.0699563,0.1140922
2016-03-11,0.6536873,0.2637605,0.5679511,0.0876356,0.0873572
2016-03-12,0.5256299,0.3146971,0.4473412,0.0698118,0.0917974
2016-03-13,0.4103144,0.236975,0.3976878,0.0652757,0.0682449
2016-03-14,0.5035585,0.3102053,0.5114215,0.0934321,0.1066561
2016-03-15,0.6487305,0.2905227,0.4876542,0.0732374,0.0873661
2016-03-16,0.5807518,0.286306,0.5330327,0.0825093,0.0910105
2016-03-17,0.614364,0.2553816,0.4776182,0.0739968,0.1338566
2016-03-18,0.6135422,0.3154013,0.4744893,0.0723524,0.1219907
2016-03-19,0.5883539,0.3177276,0.4939194,0.0861975,0.0724491
2016-03-20,0.5307481,0.2797502,0.4653878,0.054439,0.1225726
2016-03-21,0.5549177,0.2985642,0.4672265,0.1001167,0.1019209
2016-03-22,0.5371004,0.3300545,0.4750673,0.0895072,0.0883749
2016-03-23,0.5661417,0.3881919,0.4236052,0.0895769,0.1142862
2016-03-24,0.6206646,0.3758361,0.5144049,0.0805432,0.0986212
2016-03-25,0.6020811,0.4222157,0.4868618,0.1022998,0.1015245
2016-03-26,0.5691447,0.2989137,0.4521626,0.0636743,0.0939149
2016-03-27,0.4571634,0.3266856,0.3875016,0.0686756,0.1141072
2016-03-28,0.5762158,0.289456,0.4930587,0.0916799,0.1161419
2016-03-29,0.6050259,0.3537497,0.4929316,0.1217965,0.126326
2016-03-30,0.5849857,0.3602408,0.4677394,0.1018002,0.1283331
2016-03-31,0.5893272,0.3532549,0.5344826,0.0725927,0.138261
2016-04-01,0.598595,0.3772681,0.6109964,0.1240177,0.126257
2016-04-02,0.5443841,0.2567568,0.5177429,0.1179262,0.1505081
2016-04-03,0.4258772,0.34263,0.3664601,0.0860356,0.090622
2016-04-04,0.2485846,0.2827152,0.4274446,0.0646982,0.0963572
2016-04-05,0.4742587,0.3479321,0.5318794,0.0862156,0.0876015
2016-04-06,0.4992218,0.3157746,0.496965,0.0632493,0.083615
2016-04-07,0.5079917,0.2842599,0.5139553,0.0769184,0.0605455
2016-04-08,0.5739709,0.2788376,0.5710222,0.0893589,0.0681667
2016-04-09,0.5761331,0.3244156,0.5455882,0.0628942,0.1022632
2016-04-10,0.4326003,0.2707205,0.4057884,0.035045,0.0872586
2016-04-11,0.642515,0.3079974,0.5677472,0.096069,0.0636717
2016-04-12,0.492984,0.2557115,0.4177119,0.0691422,0.0620252
2016-04-13,0.49686,0.3661239,0.539126,0.0414575,0.075734
2016-04-14,0.5255338,0.323666,0.5930817,0.1009772,0.1203122
2016-04-15,0.5839072,0.2413608,0.5391887,0.0694526,0.1149094
2016-04-16,0.5240597,0.2963109,0.5152022,0.0519264,0.1415513
2016-04-17,0.5039708,0.2416948,0.5270748,0.052853,0.10863
2016-04-18,0.6287076,0.3049259,0.5779475,0.0990438,0.0886573
2016-04-19,0.5358276,0.230073,0.5594107,0.086525,0.1240053
2016-04-20,0.5694651,0.3627201,0.5770768,0.1077427,0.091086
2016-04-21,0.5678396,0.3404128,0.5409772,0.0753621,0.0976924
2016-04-22,0.658076,0.3464773,0.5958143,0.0862553,0.0996013
2016-04-23,0.5223531,0.35002,0.578442,0.1063468,0.136287
2016-04-24,0.4701153,0.2183167,0.6079779,0.0932177,0.1111263
2016-04-25,0.6018323,0.23216,0.5371479,0.1142861,0.1023088
2016-04-26,0.7812034,0.3393819,0.7064779,0.1301903,0.138135
2016-04-27,0.5938658,0.3195044,0.5621283,0.0827421,0.0678849
2016-04-28,0.6460944,0.3626853,0.7308818,0.0669146,0.1006021
2016-04-29,0.7483137,0.2705868,0.677653,0.1028788,0.1169437
2016-04-30,0.6515509,0.3724554,0.678516,0.0736472,0.114939
2016-05-01,0.4613383,0.2290015,0.609367,0.0722418,0.0895338
2016-05-02,0.3964839,0.1975521,0.5305815,0.0326032,0.0763417
2016-05-03,0.5457339,0.1834711,0.6520667,0.0747078,0.0946055
2016-05-04,0.5620967,0.3081721,0.5915099,0.0806112,0.122302
2016-05-05,0.5920125,0.35954,0.6978876,0.0810557,0.1271355
2016-05-06,0.5865307,0.2988511,0.599195,0.084594,0.1369033
2016-05-07,0.6323205,0.3362989,0.6870889,0.0950779,0.0560885
2016-05-08,0.6093875,0.3240287,0.652139,0.0756071,0.0900077
2016-05-09,0.6231527,0.3645827,0.6388869,0.105498,0.1151891
2016-05-10,0.548802,0.3033581,0.6456766,0.0789888,0.1418711
2016-05-11,0.7369164,0.3292014,0.6836384,0.0651281,0.1099693
2016-05-12,0.6107694,0.3412005,0.6379772,0.0901916,0.1278394
2016-05-13,0.7102452,0.2814901,0.6725848,0.1024617,0.1044154
2016-05-14,0.6647225,0.3326214,0.6788455,0.1265294,0.0766811
2016-05-15,0.5708077,0.3046532,0.6483879,0.0591892,0.0992922
2016-05-16,0.659092,0.326984,0.6552875,0.1350666,0.1227048
2016-05-17,0.5598875,0.3576836,0.6385077,0.1138418,0.1176367
2016-05-18,0.5575354,0.4114625,0.6335244,0.1134789,0.0775667
2016-05-19,0.656154,0.3850495,0.6969938,0.1167148,0.1041331
2016-05-20,0.5975063,0.3393005,0.6223283,0.1100357,0.1086295
2016-05-21,0.6490721,0.3826485,0.6439565,0.0680201,0.086809
2016-05-22,0.6312642,0.2893602,0.7075578,0.0696419,0.1045621
2016-05-23,0.5592182,0.3619975,0.6534077,0.1221173,0.1219934
2016-05-24,0.6659833,0.3817928,0.7032984,0.1201309,0.1069953
2016-05-25,0.6353978,0.3999394,0.6318901,0.1396537,0.1008692
2016-05-26,0.5898148,0.3954349,0.6880102,0.1052309,0.0950403
2016-05-27,0.6485736,0.4147479,0.7634301,0.1098881,0.1242801
2016-05-28,0.5481314,0.3538885,0.5647774,0.1185406,0.0749371
2016-05-29,0.644568,0.3731718,0.7177681,0.0991739,0.127722
2016-05-30,0.7960396,0.4130373,0.745503,0.1018191,0.1375016
2016-05-31,0.7008885,0.454792,0.633938,0.1422107,0.1232326
2016-06-01,0.6711573,0.4749169,0.7163849,0.110632,0.1444708
2016-06-02,0.8196912,0.4554239,0.7698397,0.1476777,0.1287846
2016-06-03,0.7327913,0.3839803,0.7674898,0.1218433,0.1254001
2016-06-04,0.6717042,0.4767498,0.2934519,0.1369778,0.1150117
2016-06-05,0.5837912,0.2763674,0.8477423,0.0723243,0.1037857
2016-06-06,0.5692834,0.3681988,0.6927213,0.1562263,0.1227396
2016-06-07,0.6600197,0.4113977,0.7734644,0.1517813,0.1179008
2016-06-08,0.8165651,0.4148318,0.8633274,0.1573636,0.1347905
2016-06-09,0.6523273,0.3273667,0.7121301,0.1192877,0.1033063
2016-06-10,0.5664792,0.3107394,0.567855,0.0891777,0.0878288
2016-06-11,0.4570997,0.3018401,0.6009631,0.1095962,0.0959782
2016-06-12,0.6345989,0.3080439,0.9094993,0.076917,0.0774621
2016-06-13,0.6049851,0.3829098,0.69346,0.1505485,0.1352038
2016-06-14,0.7146536,0.424338,0.7972484,0.1080589,0.1275554
2016-06-15,0.7761438,0.4192749,0.7651674,0.1494829,0.1383895
2016-06-16,0.6211197,0.3325004,0.7776729,0.1230308,0.1258888
2016-06-17,0.7712162,0.5738073,0.7829554,0.2170042,0.1792688
2016-06-18,0.7707759,0.4270719,0.7476871,0.2179016,0.1748473
2016-06-19,0.6467198,0.401124,0.7713694,0.1229539,0.1689942
2016-06-20,0.8081141,0.4082013,0.6647801,0.2236543,0.1332698
2016-06-21,0.635985,0.454044,0.771419,0.1932197,0.2102968
2016-06-22,0.7509131,0.463436,0.8173334,0.1395908,0.1724064
2016-06-23,0.6932013,0.4519503,0.8120968,0.1773192,0.1596999
2016-06-24,0.8581673,0.469403,0.9042412,0.1778715,0.1819383
2016-06-25,0.7381896,0.413323,0.7406449,0.1211103,0.2089255
2016-06-26,0.5963692,0.4116225,0.8233129,0.1460853,0.1242516
2016-06-27,0.8288028,0.5418139,0.7760692,0.141365,0.220115
2016-06-28,0.8283721,0.419456,0.7491304,0.1769994,0.2185279
2016-06-29,0.8844134,0.4296159,0.8185864,0.1257787,0.1629713
2016-06-30,0.8322053,0.4609141,0.8147331,0.1195851,0.2135966
2016-07-01,0.7911241,0.4906672,0.9149997,0.1803155,0.2627809
2016-07-02,0.693478,0.4978438,0.7259318,0.1841145,0.1939591
2016-07-03,0.680775,0.4534241,0.8172616,0.119529,0.0714078
2016-07-04,0.662212,0.5025266,0.7800995,0.1973418,0.1962379
2016-07-05,0.6369081,0.5193916,0.7321908,0.197083,0.2126248
2016-07-06,0.7035706,0.4741431,0.7520611,0.1945895,0.2022366
2016-07-07,0.6966928,0.4601895,0.8556655,0.1827166,0.2053937
2016-07-08,0.8452389,0.546141,0.7462273,0.1699426,0.3387094
2016-07-09,0.731948,0.4636065,0.7189706,0.1754403,0.2412829
2016-07-10,0.6891554,0.4269491,0.8681639,0.0974643,0.1184314
2016-07-11,0.7816658,0.4636154,0.7590731,0.1622285,0.21934
2016-07-12,0.6805428,0.5001567,0.7273056,0.2097249,0.2453422
2016-07-13,0.6960161,0.5366899,0.7433576,0.1433148,0.2336131
2016-07-14,0.7467641,0.4932759,0.7971727,0.15893,0.2421151
2016-07-15,0.7700701,0.5100232,0.8354342,0.2227712,0.2038869
2016-07-16,0.7118474,0.6198095,0.7942172,0.1644419,0.2831232
2016-07-17,0.7313971,0.4255867,0.8167917,0.1536313,0.1493256
2016-07-18,0.7870332,0.5461905,0.7145943,0.2117465,0.2601495
2016-07-19,0.8485705,0.5956245,0.745858,0.1739353,0.2202149
2016-07-20,0.9140044,0.6076212,0.8127899,0.1871332,0.2495265
2016-07-21,0.6983743,0.4839069,0.7966061,0.1861789,0.2540995
2016-07-22,0.902671,0.555332,0.8360848,0.2090396,0.1821669
2016-07-23,0.8407865,0.5398736,0.80213,0.2093181,0.1809326
2016-07-24,0.6701426,0.4928712,0.8673822,0.1568208,0.0944452
2016-07-25,0.7198856,0.5920153,0.726839,0.182821,0.1689767
2016-07-26,0.7995816,0.6464434,0.8347499,0.1874096,0.231282
2016-07-27,0.7711033,0.6851172,0.779544,0.1816526,0.1689781
2016-07-28,0.776869,0.638068,0.8503567,0.2121361,0.2753359
2016-07-29,0.8088577,0.5694925,0.8499596,0.2092937,0.2527907
2016-07-30,0.7935338,0.5550997,0.7764339,0.2107107,0.2231644
2016-07-31,0.7802955,0.532972,0.9317054,0.1907216,0.1226072
2016-08-01,0.710569,0.5420351,0.7872008,0.1871378,0.2736881
2016-08-02,0.39412,0.3201528,0.3823628,0.1281399,0.1479645
2016-08-03,0.7269603,0.5427933,0.8308074,0.1980423,0.2066066
2016-08-04,0.7474768,0.5424447,0.7414732,0.1634904,0.1510783
2016-08-05,0.8828023,0.5417373,0.7838903,0.2449318,0.1696798
2016-08-06,0.7975694,0.5824749,0.7401609,0.2155034,0.2503909
2016-08-07,0.6140966,0.5851224,0.8850391,0.1815742,0.143523
2016-08-08,0.8264356,0.6124841,0.783539,0.2313147,0.2765774
2016-08-09,0.8110532,0.688299,0.7433328,0.1897094,0.2112608
2016-08-10,0.7252385,0.5459364,0.8186331,0.2029021,0.2146487
2016-08-11,0.6444085,0.5762421,0.7601873,0.2074417,0.2231831
2016-08-12,0.8077738,0.6569762,0.8836429,0.2062361,0.2389155
2016-08-13,0.7100296,0.5471919,0.8541075,0.1739658,0.2571418
2016-08-14,0.6703839,0.5429488,0.7833355,0.149895,0.1276163
2016-08-15,0.6788524,0.5557579,0.6913133,0.1937656,0.2528084
2016-08-16,0.8366404,0.5529611,0.7571072,0.200154,0.1855878
2016-08-17,0.7985583,0.6367767,0.7424249,0.2159326,0.23983
2016-08-18,0.8552462,0.6271797,0.8944851,0.2147229,0.2436372
2016-08-19,0.7223291,0.5422388,0.8509373,0.2321987,0.2735254
2016-08-20,0.7521748,0.5795889,0.7718251,0.21107,0.2451524
2016-08-21,0.6563001,0.3953197,0.9027224,0.1564801,0.1023943
2016-08-22,0.7257098,0.64216,0.7429426,0.2401975,0.2654379
2016-08-23,0.8618509,0.6522437,0.7460546,0.2268763,0.2629362
2016-08-24,0.791026,0.7731223,0.8193634,0.1745242,0.220734
2016-08-25,0.8402011,0.7556109,0.8912542,0.2407199,0.2750792
2016-08-26,0.8627206,0.6499965,0.835172,0.248338,0.237106
2016-08-27,0.8453338,0.7176235,0.7901202,0.2423774,0.2994643
2016-08-28,0.7349853,0.7748832,0.9195512,0.2044637,0.1291277
2016-08-29,0.7662388,0.7612595,0.7638571,0.1780543,0.1952382
2016-08-30,0.7641174,0.6576826,0.8450055,0.2136768,0.2175814
2016-08-31,0.8944047,0.6889406,0.9236631,0.2346915,0.305538
2016-09-01,0.8764459,0.7469615,0.9415593,0.2058553,0.3326553
2016-09-02,0.831717,0.6322594,0.7619406,0.2017443,0.236766
2016-09-03,0.8117353,0.6707586,0.7569301,0.1996714,0.2660485
2016-09-04,0.6699394,0.6469518,0.8607335,0.1855088,0.1702783
2016-09-05,0.7387432,0.7908265,0.8091759,0.2611122,0.2095176
2016-09-06,0.9053323,0.7177673,0.8581128,0.2532399,0.2084865
2016-09-07,0.78727,0.7882554,0.7981786,0.2154085,0.2184103
2016-09-08,0.8074763,0.75621,0.8310086,0.2645996,0.2397759
2016-09-09,0.9738814,0.9366568,0.9062827,0.2024653,0.209879
2016-09-10,0.8325126,0.8350349,0.8665276,0.2064866,0.2067134
2016-09-11,0.780619,0.712146,0.970475,0.2015771,0.1187021
2016-09-12,0.9459046,0.8568172,0.8820538,0.31269,0.350251
2016-09-13,0.9431128,1.041722,0.8545743,0.2819069,0.2270616
2016-09-14,1.0875632,0.9420028,1.0793566,0.3133867,0.21469
2016-09-15,0.6649796,0.6588042,0.6309746,0.1541099,0.2115721
2016-09-16,0.6459776,0.6466435,0.6156441,0.1909454,0.151337
2016-09-17,0.6622397,0.6682321,0.6383508,0.1849899,0.2299963
2016-09-18,0.7052842,0.6813188,0.9262075,0.1570769,0.1231463
2016-09-19,0.8214755,0.7043219,0.7917821,0.2652854,0.240451
2016-09-20,0.7692014,0.7470484,0.7906385,0.2626622,0.2885671
2016-09-21,0.8129613,0.888656,0.7087336,0.2249715,0.2027181
2016-09-22,0.7919507,0.8033919,0.8779346,0.1959947,0.1413995
2016-09-23,0.949991,0.8384248,0.8351686,0.2438093,0.2333028
2016-09-24,0.8485004,0.7856588,0.8196393,0.2034242,0.2039516
2016-09-25,0.772016,0.6991106,0.8597489,0.1954587,0.1337045
2016-09-26,0.8416118,0.7300598,0.8414065,0.2375546,0.2075897
2016-09-27,0.851143,0.7503377,0.8863916,0.2590783,0.211624
2016-09-28,0.8481922,0.8869069,0.8473251,0.2319117,0.2506246
2016-09-29,0.8750236,0.8817958,0.8714145,0.2229559,0.2220239
2016-09-30,1.1787693,1.0288271,1.1733426,0.2895651,0.2763523
2016-10-01,0.8288806,0.7036758,0.7695223,0.1681597,0.1801302
2016-10-02,0.5744799,0.5722011,0.7701122,0.124221,0.0994472
2016-10-03,0.5677958,0.5648475,0.5409969,0.1430409,0.1061242
2016-10-04,0.4596089,0.5409473,0.6396233,0.1321102,0.1163287
2016-10-05,0.5143673,0.7321262,0.6124592,0.1549558,0.1810876
2016-10-06,0.5331863,0.6909129,0.6811708,0.1895805,0.1860548
2016-10-07,0.6723245,0.7608444,0.6831829,0.2199775,0.188999
2016-10-08,0.6741465,0.7976491,0.7157991,0.2443638,0.1963954
2016-10-09,0.6684734,0.8496012,0.8723609,0.2113935,0.1000431
2016-10-10,0.6766402,0.9306124,0.77513,0.1908532,0.0577951
2016-10-11,0.7937306,0.8159272,0.7420598,0.2392596,0.0836853
2016-10-12,0.6964364,0.7773564,0.8400718,0.1975691,0.1149203
2016-10-13,0.6882447,0.8362353,0.7735652,0.19223,0.092652
2016-10-14,0.7604376,0.9255385,0.88723,0.1851764,0.1436643
2016-10-15,0.6631428,0.9435109,0.7822477,0.2389645,0.1500927
2016-10-16,0.7280084,0.8263512,0.8523827,0.1754416,0.0998286
2016-10-17,0.847318,0.7696063,0.8947612,0.2715948,0.2031243
2016-10-18,0.8207006,0.8777585,0.9249393,0.2867862,0.1633971
2016-10-19,1.0290941,0.8128646,1.0058681,0.3677935,0.2274453
2016-10-20,0.8067053,0.881698,0.8622867,0.2277129,0.1740453
2016-10-21,0.4146605,0.4984243,0.4789577,0.1320565,0.1160751
2016-10-22,0.7855636,0.8767792,0.7338683,0.2438755,0.1396763
2016-10-23,0.7494043,0.8264032,0.8925859,0.1786394,0.1233224
2016-10-24,0.8230892,0.8809508,0.7958872,0.1884509,0.2250707
2016-10-25,0.8479827,0.9180258,0.8577191,0.2531172,0.1926606
2016-10-26,0.8444236,0.9996566,0.8575144,0.2547395,0.1852619
2016-10-27,0.9455749,0.9793458,0.8951843,0.2350469,0.2044769
2016-10-28,0.9248895,0.975689,0.9279871,0.2683169,0.2022733
2016-10-29,0.848181,0.9407365,0.8917201,0.2708154,0.190994
2016-10-30,0.7859064,0.9811803,0.9055455,0.2113704,0.095463
2016-10-31,0.8969247,0.9687025,0.9545693,0.1982958,0.1858974
2016-11-01,0.7398994,1.009839,0.8897066,0.254562,0.1570783
2016-11-02,0.7682691,0.8630159,0.8167533,0.2499925,0.1394483
2016-11-03,0.82016,1.0131977,0.8538323,0.2369165,0.1512056
2016-11-04,0.8333131,0.959993,0.8962167,0.1530014,0.1941347
2016-11-05,0.8233183,0.9313478,0.8945383,0.2075668,0.1129832
2016-11-06,0.7423719,0.8967882,1.0072555,0.1607519,0.13241
2016-11-07,0.7706705,1.0158874,0.8200382,0.2031594,0.1187159
2016-11-08,0.8659753,0.9013244,0.8092646,0.21533,0.1413692
2016-11-09,0.7173621,0.9465243,0.7870528,0.1949129,0.1178143
2016-11-10,0.8287414,0.8639873,0.8496522,0.2416109,0.1017424
2016-11-11,0.8996804,0.9222574,0.8751155,0.2179723,0.1645202
2016-11-12,0.7930732,0.9983618,0.9101056,0.2468652,0.1220972
2016-11-13,0.7926177,0.9774716,0.8855507,0.2250102,0.0791018
2016-11-14,0.8621127,0.945611,0.8090337,0.2288207,0.122663
2016-11-15,0.8164001,0.9857947,0.8132721,0.2660918,0.1350221
2016-11-16,0.8502534,0.9077173,0.853607,0.2582278,0.1279501
2016-11-17,0.9264048,0.9678759,0.9889275,0.2252314,0.1536048
2016-11-18,0.8589589,0.9680352,0.8088773,0.2397705,0.1475149
2016-11-19,0.8401652,0.9980664,0.8218446,0.2330084,0.122247
2016-11-20,0.6536553,0.8461356,0.8335372,0.1947331,0.0926743
2016-11-21,0.8345507,0.9414251,0.8699777,0.219572,0.1052016
2016-11-22,0.7734136,0.9410385,0.8711011,0.2429443,0.1320984
2016-11-23,0.9594955,0.8157778,0.8600467,0.2206381,0.0930004
2016-11-24,0.8057721,0.9501366,0.8613646,0.2517088,0.0700328
2016-11-25,1.027216,0.9848574,0.864106,0.2325132,0.0972053
2016-11-26,0.7781139,0.7979935,0.7091483,0.2453762,0.0869892
2016-11-27,0.6929914,0.7865632,0.8566087,0.1488655,0.0545573
2016-11-28,0.8588283,0.9252106,0.7900765,0.2201948,0.096634
2016-11-29,0.7465911,0.8556133,0.7403912,0.2345583,0.1051349
2016-11-30,0.9421692,0.9982333,0.9942342,0.2338722,0.1444691
2016-12-01,0.7512871,0.8843282,0.7626649,0.2450528,0.1280326
2016-12-02,0.8777007,1.0152906,0.8327613,0.2097756,0.1033518
2016-12-03,0.808061,0.9595534,0.7959774,0.2506735,0.1162164
2016-12-04,0.7172593,0.7298436,0.6936887,0.2206428,0.0721025
2016-12-05,0.7973071,0.9425365,0.8552985,0.2186126,0.1307563
2016-12-06,0.8591847,0.8586639,0.796836,0.2390198,0.1208057
2016-12-07,0.7728913,0.8936284,0.7899824,0.1572901,0.0998544
2016-12-08,0.8460713,0.8911548,0.8106408,0.2691239,0.1285533
2016-12-09,0.8360284,1.0086708,0.8593742,0.2973868,0.1196208
2016-12-10,0.7962473,0.9164472,0.8305783,0.2615896,0.1038435
2016-12-11,0.7116739,0.8696084,0.9085369,0.2541054,0.0755999
2016-12-12,0.8540988,0.7842925,0.815767,0.3035151,0.0747559
2016-12-13,0.9170952,0.9783595,0.8544073,0.3761721,0.1178647
2016-12-14,1.0803039,1.2315753,1.1836411,0.3643863,0.1275448
2016-12-15,0.7707216,0.7838198,0.8554055,0.31889,0.1096092
2016-12-16,0.8820665,0.9811993,0.7995039,0.3313257,0.1134293
2016-12-17,0.7097303,0.9003581,0.8439118,0.3182841,0.1106098
2016-12-18,0.7329744,0.9409233,0.8692291,0.2554903,0.0500589
2016-12-19,0.840157,0.8704168,0.8211695,0.3219557,0.118167
2016-12-20,0.9146446,0.9087639,0.8488802,0.3648086,0.1521428
2016-12-21,0.7296437,1.0210545,0.8575032,0.2880888,0.1830112
2016-12-22,0.8973384,0.9963351,0.8093047,0.3600119,0.1332618
2016-12-23,0.9831952,1.0627159,0.918748,0.3270555,0.0982026
2016-12-24,0.9200237,0.9252703,0.877378,0.3449253,0.1037283
2016-12-25,0.7469997,1.0162846,0.8745237,0.1757929,0.0688854
2016-12-26,0.8662944,0.952065,0.7413591,0.3050354,0.1204411
2016-12-27,0.9075397,1.095024,0.9219555,0.4217425,0.1161916
2016-12-28,1.0063245,1.206935,0.9890869,0.3148607,0.2165692
2016-12-29,0.9001563,1.0207106,0.7753969,0.2803606,0.1275251
2016-12-30,1.1341423,1.0570231,0.9466437,0.281734,0.1675004
2016-12-31,0.983554,1.135106,0.83141,0.2978276,0.1180612
2017-01-01,0.8051831,0.9831091,0.8634107,0.2433814,0.0780505
2017-01-02,0.677085,0.9689567,0.6333853,0.2206216,0.0732036
2017-01-03,0.8346381,1.0462573,0.7709845,0.3027098,0.1124299
2017-01-04,0.8871404,0.950263,0.8142145,0.2943156,0.122357
2017-01-05,0.8697732,1.0858784,0.8104387,0.3116968,0.095333
2017-01-06,0.9749948,1.0614991,0.8122241,0.284743,0.1072466
2017-01-07,1.0113833,1.0091101,0.7589623,0.3292582,0.1150857
2017-01-08,0.7810739,1.0072617,0.9073301,0.2547015,0.0951373
2017-01-09,0.9893937,1.095679,0.7238283,0.3321473,0.100521
2017-01-10,0.9075207,1.0746414,0.8281686,0.3088177,0.1513726
2017-01-11,1.0151984,1.1087423,0.8413396,0.3657138,0.1596199
2017-01-12,1.0668049,1.1108588,0.902581,0.312328,0.1790361
2017-01-13,1.0734057,1.0711825,0.8856336,0.3474805,0.263613
2017-01-14,1.0090856,1.1331921,0.8144134,0.3170569,0.22121
2017-01-15,0.9004982,0.9189,0.9435213,0.2868806,0.1472489
2017-01-16,1.0329837,1.0689026,0.8260362,0.3127565,0.1889329
2017-01-17,1.1187615,1.072957,0.8208042,0.3275292,0.2000785
2017-01-18,1.0484246,1.2537197,0.8098891,0.356867,0.2262681
2017-01-19,1.085086,1.1177993,0.8390276,0.302612,0.2057734
2017-01-20,1.1787331,1.1526695,0.9031992,0.2747568,0.21682
2017-01-21,0.9763078,1.0712292,0.7357379,0.2812219,0.196813
2017-01-22,1.0044019,0.7218102,0.8005167,0.1595399,0.134717
2017-01-23,0.9363706,0.6063492,0.617794,0.1684862,0.1711475
2017-01-24,0.946116,0.5248859,0.4735539,0.129286,0.1500078
2017-01-25,0.7048037,0.3989608,0.5159444,0.103608,0.1067711
2017-01-26,0.6219578,0.3384991,0.3950656,0.0786595,0.1288562
2017-01-27,0.324347,0.2000581,0.3701176,0.0671695,0.0728087
2017-01-28,0.2140042,0.1224748,0.2055253,0.0236671,0.0474506
2017-01-29,0.1907521,0.1799622,0.3570978,0.032377,0.0399315
2017-01-30,0.2471014,0.1757091,0.2977575,0.0406748,0.0564504
2017-01-31,0.1454658,0.1803025,0.2922707,0.0413524,0.0723621
2017-02-01,0.2479096,0.1906726,0.3825227,0.060581,0.0632181
2017-02-02,0.2773816,0.3342175,0.3681251,0.0740645,0.072686
2017-02-03,0.325142,0.4037012,0.4364974,0.1012684,0.0991584
2017-02-04,0.4294749,0.480257,0.4086587,0.1143542,0.115973
2017-02-05,0.4531381,0.6013455,0.7112075,0.1403631,0.0963979
2017-02-06,0.5363294,0.7160357,0.5914053,0.172292,0.1233919
2017-02-07,0.600851,0.620553,0.5777144,0.17522,0.1811948
2017-02-08,0.5709632,0.7283912,0.6950941,0.1696018,0.1686067
2017-02-09,0.6326618,0.873356,0.6742775,0.2475333,0.1611542
2017-02-10,0.7110542,0.8693841,0.7732127,0.2686052,0.1871678
2017-02-11,0.6586053,0.9105567,0.5660767,0.2348076,0.2461323
2017-02-12,0.690669,0.8231146,0.8371533,0.2347427,0.1167575
2017-02-13,0.7074361,0.9747015,0.7737608,0.266869,0.1788545
2017-02-14,0.7686918,0.9774603,0.7897643,0.2754283,0.1746625
2017-02-15,0.8411908,1.070273,0.8294753,0.2695474,0.1591782
2017-02-16,0.7230323,0.9067734,0.7670925,0.2592242,0.157774
2017-02-17,0.8798576,0.9455582,0.9461364,0.3229592,0.2328491
2017-02-18,0.8403888,1.0442355,0.750585,0.2964944,0.1748915
2017-02-19,0.7552526,0.8683732,0.8285386,0.2774014,0.1434509
2017-02-20,0.7802428,1.0204701,0.8687695,0.3201601,0.2169422
2017-02-21,0.9202308,0.9973364,0.7507747,0.2683032,0.1761224
2017-02-22,0.8885474,1.1020026,0.8101724,0.2981088,0.2376531
2017-02-23,0.8923412,0.9810058,0.8657958,0.2873753,0.1910085
2017-02-24,0.9514309,1.0510253,0.9256051,0.356635,0.2910963
2017-02-25,0.8169463,1.1035335,0.8460334,0.3126125,0.1936419
2017-02-26,0.8165966,0.9409013,0.8096995,0.2773909,0.1557436
2017-02-27,0.8819321,1.0244837,0.8387975,0.3393189,0.1895228
2017-02-28,0.826915,1.0923072,0.750946,0.2864158,0.1721803
2017-03-01,0.8496032,0.9497081,0.7464476,0.3483934,0.2021426
2017-03-02,0.857065,1.1402358,0.786299,0.3250004,0.2144685
2017-03-03,1.0120393,1.097244,0.8505337,0.3110437,0.1339411
2017-03-04,0.8422428,1.1977932,0.6953408,0.2841178,0.1976841
2017-03-05,0.755471,0.9758215,0.8897218,0.2383686,0.1660953
2017-03-06,0.8678279,1.0597306,0.8622882,0.2494831,0.0912488
2017-03-07,0.9339405,0.9083576,0.9471048,0.279652,0.1195079
2017-03-08,0.9470658,0.9475835,0.8750176,0.2763921,0.1340734
2017-03-09,0.7911306,1.0324691,0.8825884,0.2211376,0.1829537
2017-03-10,0.9405853,1.0262759,0.8423793,0.3259105,0.1479158
2017-03-11,0.9668446,1.1280028,0.6987331,0.2833182,0.1551519
2017-03-12,0.7981535,1.0462504,0.8980256,0.2780797,0.1253386
2017-03-13,0.9038555,1.2328482,0.8366232,0.3058497,0.1019074
2017-03-14,0.8457396,1.101979,0.7677355,0.2513886,0.101932
2017-03-15,1.0473549,1.1235524,0.7929003,0.2446937,0.1438571
2017-03-16,0.8634244,1.0557191,0.7773335,0.2191225,0.1336078
2017-03-17,0.943994,1.1861993,0.8503071,0.2577614,0.1429984
2017-03-18,0.833695,1.1500479,0.8214125,0.2747472,0.1611234
2017-03-19,0.7127936,0.8099089,0.8259642,0.2034824,0.0757825
2017-03-20,0.9598733,1.1315836,0.8854932,0.3176131,0.1348776
2017-03-21,0.9345847,1.2732421,0.922032,0.2726948,0.0902647
2017-03-22,0.9443416,1.0455461,0.7826118,0.3010589,0.1270494
2017-03-23,1.0474135,1.1139819,0.7427389,0.2724542,0.1807897
2017-03-24,0.9445873,1.2188435,0.947437,0.2669366,0.1077857
2017-03-25,0.964575,1.0217609,0.8012314,0.2369354,0.1440637
2017-03-26,0.8097126,1.003454,0.786201,0.2066238,0.1116317
2017-03-27,0.9455337,1.1588375,0.7752381,0.2834102,0.109397
2017-03-28,0.8015552,1.2798002,0.847404,0.2194945,0.1105343
2017-03-29,0.9718487,1.1612592,0.8704674,0.2759132,0.0946073
2017-03-30,1.0279429,1.156906,0.8758773,0.2101248,0.1009755
2017-03-31,0.8965901,1.1342306,0.9516595,0.2608195,0.1418836
2017-04-01,1.3339632,1.3205875,1.1096615,0.2347928,0.325675
2017-04-02,1.0949492,1.2947174,1.0321315,0.220213,0.205406
2017-04-03,0.7653451,0.9853224,0.6904896,0.2128987,0.1747318
2017-04-04,0.5850265,0.7966678,0.7002081,0.1964421,0.1600623
2017-04-05,0.7736011,1.0729982,0.7816297,0.2453629,0.1684888
2017-04-06,0.8438638,1.0560189,0.787831,0.2172702,0.1821433
2017-04-07,0.9190243,1.043138,0.9535094,0.2859041,0.2990949
2017-04-08,0.9343577,1.184097,0.8189167,0.2789184,0.254525
2017-04-09,0.844731,1.0525862,0.9396496,0.2811499,0.2079645
2017-04-10,0.9707106,1.1249886,0.8830377,0.1922214,0.2214019
2017-04-11,0.9140698,1.2371576,0.9515103,0.2098266,0.3200482
2017-04-12,1.0239583,1.2812503,0.85905,0.3215376,0.2662436
2017-04-13,0.9006675,1.1883063,0.8775356,0.3194009,0.2498386
2017-04-14,0.8532725,1.1483331,0.9544445,0.3850309,0.2421286
2017-04-15,0.9233575,1.1140604,0.8876909,0.3665328,0.2596616
2017-04-16,0.7685413,1.0112774,1.0028134,0.3274667,0.2323534
2017-04-17,1.067861,1.3000314,0.9688777,0.3888073,0.2428526
2017-04-18,1.0314598,1.3029958,0.9931105,0.3543846,0.2158389
2017-04-19,0.9908566,1.3535983,0.9453149,0.3904285,0.327523
2017-04-20,1.0760653,1.3260198,0.9725317,0.4178625,0.2575598
2017-04-21,1.0547071,1.2018725,1.0407898,0.3777251,0.2077991
2017-04-22,0.9479249,1.167483,0.8488482,0.3910594,0.2597088
2017-04-23,0.8314271,1.1913602,0.9452276,0.3065418,0.2394254
2017-04-24,1.0101572,1.3544629,0.9279197,0.4014737,0.2872198
2017-04-25,0.9783645,1.2934334,0.8645262,0.3577782,0.2792972
2017-04-26,0.92446,1.1639955,1.0762201,0.3679527,0.2622421
2017-04-27,1.0399185,1.1875674,0.9720232,0.383999,0.2341316
2017-04-28,1.1442232,1.5217412,1.2088903,0.4348258,0.3271287
2017-04-29,1.113573,1.4133165,1.0407065,0.3701633,0.3695069
2017-04-30,0.8345594,1.1271572,0.9591898,0.3734532,0.281039
2017-05-01,0.7063721,1.0605577,0.7060251,0.2323492,0.205857
2017-05-02,0.8591163,1.3094785,0.8735527,0.3219666,0.2817336
2017-05-03,1.0740672,1.2829889,0.9027501,0.3596771,0.282836
2017-05-04,0.9131706,1.2371151,0.9105204,0.3569145,0.2352729
2017-05-05,1.0335734,1.2917687,0.9536491,0.3915887,0.2517995
2017-05-06,0.9150633,1.4199148,0.9811147,0.425005,0.3301079
2017-05-07,0.9001284,1.1935055,0.9864723,0.3836831,0.2510103
2017-05-08,0.9995679,1.2636015,0.961858,0.3650039,0.2809579
2017-05-09,1.1386489,1.2976317,0.8713546,0.4146045,0.3175429
2017-05-10,1.0019042,1.3026696,0.9747099,0.3621816,0.2818838
2017-05-11,1.0861721,1.3008824,1.0478439,0.4137341,0.3041887
2017-05-12,1.1776807,1.4256576,1.0763577,0.4303462,0.3242514
2017-05-13,1.1264224,1.3435719,0.918033,0.4056844,0.3243197
2017-05-14,0.9892917,1.1233054,0.9047065,0.371884,0.2955411
2017-05-15,1.0526246,1.2085601,0.8833425,0.4056308,0.2861782
2017-05-16,1.0474868,1.2860631,1.0266054,0.4531527,0.3366593
2017-05-17,0.9968602,1.3410729,0.9320645,0.4156657,0.4074557
2017-05-18,0.9442938,1.3206257,0.9771083,0.3075798,0.2994276
2017-05-19,1.051744,1.3253405,0.8668415,0.3925643,0.2912048
2017-05-20,0.9669984,1.2705051,0.8571568,0.3788362,0.3214371
2017-05-21,0.8821802,1.1801144,0.838883,0.3158868,0.2858
2017-05-22,1.0510509,1.2544138,1.0195146,0.3502177,0.2998278
2017-05-23,1.050979,1.2047973,0.9056906,0.4745764,0.3099302
2017-05-24,0.9796674,1.1850737,0.9286214,0.3383455,0.2839501
2017-05-25,1.0804361,1.4800181,1.0340572,0.4011189,0.4170575
2017-05-26,1.0366739,1.3984759,0.9304905,0.4099974,0.2927424
2017-05-27,1.283932,1.5969356,1.0710534,0.5009207,0.3172896
2017-05-28,1.0519076,1.5462663,1.1110418,0.4521128,0.3697361
2017-05-29,0.9108873,1.188411,0.6543391,0.3162837,0.2588075
2017-05-30,0.6381732,0.8725673,0.6516855,0.2528761,0.2453956
2017-05-31,0.9887545,1.2867408,0.8626579,0.4043894,0.2458974
2017-06-01,1.0244552,1.4380303,0.8983487,0.441267,0.3255592
2017-06-02,1.1159984,1.328286,0.9855678,0.3869324,0.3729678
2017-06-03,0.9841457,1.4403088,0.9594957,0.4421706,0.3647079
2017-06-04,0.8738286,1.1321015,0.9836386,0.4379811,0.3411804
2017-06-05,1.1873425,1.5419592,0.991165,0.4575136,0.3737333
2017-06-06,1.0772428,1.4900549,1.0460521,0.5195819,0.3606256
2017-06-07,1.1894065,1.4182067,1.0163827,0.4905861,0.3985511
2017-06-08,1.2033448,1.2698843,0.925734,0.4777488,0.375939
2017-06-09,1.1600091,1.3762212,1.0573188,0.3915922,0.3321748
2017-06-10,1.1670974,1.4347527,0.9549317,0.4037525,0.3879773
2017-06-11,0.9163676,1.3828913,0.9579157,0.278663,0.3566253
2017-06-12,1.0271084,1.3457058,0.9007,0.422844,0.3536085
2017-06-13,0.9862524,1.1701992,0.8950933,0.3710436,0.3340973
2017-06-14,1.0299558,1.3569159,0.9047318,0.3700249,0.3396988
2017-06-15,1.2135483,1.4850159,0.9500998,0.4145293,0.3380993
2017-06-16,1.0884883,1.3203228,0.9418041,0.3868995,0.3683942
2017-06-17,0.937061,1.3109431,0.7831458,0.3769035,0.2797645
2017-06-18,1.04381,1.1888966,0.8743217,0.2825433,0.334171
2017-06-19,1.1147664,1.3847142,0.9025823,0.3827376,0.3462944
2017-06-20,1.169395,1.3492483,0.9909265,0.3636901,0.3362226
2017-06-21,1.1285453,1.3766998,0.9351003,0.4254557,0.334238
2017-06-22,1.1071114,1.4489694,0.9461856,0.4142231,0.329007
2017-06-23,1.1574916,1.4244685,0.9401625,0.4207515,0.3149513
2017-06-24,1.1507426,1.4716309,1.0365495,0.3905808,0.3572854
2017-06-25,0.9070677,1.2884872,0.8883709,0.3414575,0.3250061
2017-06-26,1.0822289,1.4596044,0.9709296,0.472202,0.3934402
2017-06-27,1.2422871,1.4367266,0.8964534,0.4886266,0.3556409
2017-06-28,1.1634053,1.5548192,0.9320333,0.4594928,0.3185841
2017-06-29,1.1627721,1.5510715,0.9311056,0.4248145,0.3818726
2017-06-30,1.2192069,1.5643607,0.9786596,0.4882617,0.4076703
2017-07-01,1.0825596,1.4879881,0.84204,0.5328954,0.2390609
2017-07-02,0.8850726,1.1201007,0.8312849,0.4020498,0.1791612
2017-07-03,1.0475096,1.2400103,0.8749335,0.4076305,0.176633
2017-07-04,1.1271962,1.2762563,0.8650148,0.4515908,0.1962214
2017-07-05,1.1864936,1.3303037,0.8568376,0.5189872,0.1936327
2017-07-06,1.1591005,1.3695918,0.8040092,0.4255096,0.1715032
2017-07-07,1.1793678,1.3780124,0.998285,0.5302208,0.1906334
2017-07-08,1.075056,1.2797982,0.7950038,0.4500874,0.149467
2017-07-09,0.9012316,1.3106645,0.9097369,0.3960959,0.1823125
2017-07-10,1.1462716,1.5553874,0.8466376,0.4220757,0.1438812
2017-07-11,1.0999708,1.3993275,0.8140075,0.4957601,0.1523828
2017-07-12,1.1426385,1.5507893,0.9108922,0.4292901,0.1559841
2017-07-13,1.1052972,1.5191785,0.951543,0.4300979,0.1620508
2017-07-14,1.1067592,1.5050188,0.9053546,0.4305549,0.1732829
2017-07-15,1.1200611,1.400779,0.9441533,0.4614869,0.1583353
2017-07-16,0.8920502,1.368526,0.84747,0.4085055,0.1370946
2017-07-17,0.9860937,1.2370456,0.7778066,0.453262,0.1297097
2017-07-18,1.0697912,1.3163959,0.8864959,0.4081479,0.1195753
2017-07-19,1.1706579,1.46115,0.857286,0.4082128,0.1470997
2017-07-20,1.1590466,1.538065,0.9385623,0.4307751,0.167118
2017-07-21,1.2976998,1.6095316,1.0124404,0.4801623,0.1924083
2017-07-22,1.1542427,1.5937961,0.8310777,0.4745793,0.1414073
2017-07-23,0.8096116,1.0877711,0.7837723,0.3067178,0.1337829
2017-07-24,1.0605613,1.3503979,0.8024193,0.4314969,0.2041272
2017-07-25,1.1435825,1.4568393,0.8414247,0.4731825,0.2177276
2017-07-26,1.1519187,1.4685549,0.83595,0.4831209,0.1873717
2017-07-27,1.2117207,1.4114052,0.9075113,0.4456014,0.2066956
2017-07-28,1.2624524,1.5570032,0.9997391,0.5419615,0.2381157
2017-07-29,1.1289563,1.6518526,0.8950891,0.5218845,0.194082
2017-07-30,0.978601,1.5503403,0.851308,0.4367585,0.1470014
2017-07-31,1.2373773,1.5333298,0.916441,0.4810315,0.2278017
2017-08-01,1.0972072,1.6481895,0.9242392,0.527689,0.2079749
2017-08-02,1.1543234,1.480017,0.9263675,0.4590258,0.1839731
2017-08-03,1.1595971,1.477657,0.9019499,0.430026,0.1835717
2017-08-04,1.2915941,1.5299053,1.0259678,0.5345421,0.2348946
2017-08-05,1.1620521,1.533034,0.8977398,0.3803102,0.2173123
2017-08-06,0.9909079,1.4448651,0.810215,0.3963979,0.1618056
2017-08-07,1.1769019,1.4643746,0.9951091,0.5008358,0.2151136
2017-08-08,1.1985021,1.4996625,0.8968763,0.5197132,0.1910346
2017-08-09,1.2687254,1.4846754,0.9331847,0.4706484,0.1873147
2017-08-10,1.0727288,1.4766188,1.003104,0.4508362,0.1771413
2017-08-11,1.3187439,1.5247595,0.929934,0.5084756,0.2256282
2017-08-12,1.1934184,1.6462265,0.9132979,0.5686539,0.1809558
2017-08-13,1.1107088,1.4918227,0.9065847,0.4015033,0.2204188
2017-08-14,1.0893791,1.6211466,0.9992705,0.4695582,0.2118869
2017-08-15,1.1892126,1.7358661,1.0391775,0.4510698,0.1886978
2017-08-16,1.2956462,1.6515766,0.9722709,0.4018841,0.1766577
2017-08-17,1.2354015,1.5589915,0.9957519,0.4433593,0.2011432
2017-08-18,1.3277754,1.6101216,1.0193581,0.464569,0.1910134
2017-08-19,1.2397709,1.65247,0.9726864,0.6638813,0.2315242
2017-08-20,1.0396701,1.5414456,0.9063149,0.3348646,0.2127283
2017-08-21,1.323912,1.5820186,0.9528104,0.5850451,0.2325248
2017-08-22,1.3815122,1.4908302,1.0182974,0.5375304,0.1578864
2017-08-23,0.9292084,1.1586627,0.7113152,0.325841,0.1644911
2017-08-24,1.3834968,1.453979,1.1370715,0.4702205,0.2287528
2017-08-25,1.3753126,1.6588823,0.9720526,0.4987569,0.2492192
2017-08-26,1.2242818,1.5128916,0.9110265,0.5078105,0.1819216
2017-08-27,0.8295722,0.9906466,0.7636134,0.279128,0.1343548
2017-08-28,1.3772719,1.4676895,0.9117503,0.4665202,0.205274
2017-08-29,1.3656219,1.5733275,1.0306128,0.4660211,0.2083243
2017-08-30,1.2538849,1.6344512,0.948279,0.5001057,0.1987379
2017-08-31,1.4148584,1.6261445,1.0189213,0.5160679,0.2348969
2017-09-01,1.5603566,1.515813,1.0305404,0.5220627,0.238136
2017-09-02,1.193248,1.5179309,0.9071581,0.5666477,0.2016653
2017-09-03,1.0194472,1.3670575,0.8320787,0.4359002,0.17272
2017-09-04,1.1515852,1.4217133,0.8451215,0.4483564,0.1840634
2017-09-05,1.1849809,1.3725717,0.8871049,0.4527929,0.1650418
2017-09-06,1.2244385,1.5518563,1.0048597,0.4938874,0.2096922
2017-09-07,1.1148988,1.4769527,0.8616882,0.4147663,0.1878074
2017-09-08,1.4453906,1.3887594,1.1066751,0.4720764,0.1569132
2017-09-09,1.2974802,1.71124,0.9074138,0.4554866,0.1536817
2017-09-10,1.0381188,1.4226146,0.8156382,0.4576834,0.1807581
2017-09-11,1.2938718,1.5627476,0.9863488,0.4827011,0.2546019
2017-09-12,1.2679884,1.5761282,0.9989753,0.4909011,0.1854959
2017-09-13,1.2887326,1.57511,0.9130349,0.5275456,0.1937226
2017-09-14,1.3150037,1.7046971,0.8638689,0.4844484,0.228677
2017-09-15,1.4012823,1.5581126,1.0160668,0.5458737,0.2332684
2017-09-16,1.3125405,1.6061811,0.8720279,0.5120884,0.2568123
2017-09-17,1.285774,1.5020641,0.960578,0.4527041,0.2192614
2017-09-18,1.2570374,1.512822,1.012938,0.4508279,0.2249911
2017-09-19,1.3775035,1.4691541,0.8762033,0.440613,0.2133478
2017-09-20,1.4020948,1.5307152,1.0645342,0.4758252,0.1980663
2017-09-21,1.3509951,1.4223972,0.9797072,0.5110965,0.2324273
2017-09-22,1.5364703,1.6766389,0.9419329,0.5106584,0.2217449
2017-09-23,1.4681991,1.5765215,0.9062885,0.6537582,0.2712606
2017-09-24,1.2174761,1.4922045,1.033553,0.5079745,0.1895988
2017-09-25,1.5350737,1.5600149,1.0007389,0.5971169,0.2332231
2017-09-26,1.4138964,1.5124789,0.9729935,0.4790281,0.2406664
2017-09-27,1.6556935,1.5794593,1.0302464,0.5412173,0.2726617
2017-09-28,1.6991256,1.6842626,1.1529146,0.5925672,0.2678128
2017-09-29,2.0766558,2.0088799,1.4811557,0.7308164,0.3173761
2017-09-30,2.1925114,2.0852111,1.5369183,0.7053369,0.3458785
2017-10-01,1.4073704,1.5192167,1.0425744,0.5426198,0.228475
2017-10-02,1.1466747,1.0495211,0.6726465,0.3170117,0.1773835
2017-10-03,0.9888383,0.8596861,0.64288,0.246364,0.1278819
2017-10-04,0.7632693,0.7220055,0.5065607,0.2456129,0.1310457
2017-10-05,0.7430258,0.9076227,0.6099632,0.295548,0.1237978
2017-10-06,0.8813793,1.0673016,0.7505194,0.3684823,0.1838035
2017-10-07,0.9137148,1.266607,0.8422704,0.407963,0.1899415
2017-10-08,0.9482849,1.2567508,0.9696073,0.4143976,0.2249974
2017-10-09,1.1874757,1.4731923,0.904002,0.4500933,0.2887549
2017-10-10,1.3615383,1.3171363,0.8818376,0.4477783,0.2236513
2017-10-11,1.5181209,1.4599063,1.0194141,0.5508833,0.1819202
2017-10-12,1.3343568,1.489232,0.9357712,0.544527,0.2117523
2017-10-13,1.5652164,1.5608438,1.1132754,0.6376345,0.1854351
2017-10-14,1.3512822,1.4464486,0.8941465,0.4426177,0.2052718
2017-10-15,1.057187,1.2070679,0.8219163,0.3576846,0.2096376
2017-10-16,1.5756026,1.4265513,0.973386,0.4463313,0.209198
2017-10-17,1.5283606,1.3719542,1.0169685,0.5026436,0.1825667
2017-10-18,1.4157944,1.3611429,0.9606013,0.5342858,0.2205044
2017-10-19,1.3065998,1.3809131,0.9877078,0.4812275,0.2082539
2017-10-20,1.299811,1.2039305,0.9664133,0.5287613,0.1875042
2017-10-21,1.3217735,1.3582873,1.0936031,0.5172398,0.2172675
2017-10-22,1.2047119,1.4102309,1.0001475,0.4605474,0.2065698
2017-10-23,1.2251041,1.2747376,0.9231934,0.4651982,0.2066962
2017-10-24,1.1824413,1.2167922,0.8239017,0.5105772,0.2085946
2017-10-25,1.2929353,1.2402316,0.9184739,0.5947743,0.2191138
2017-10-26,1.3090395,1.4655072,0.9807286,0.5189856,0.2522999
2017-10-27,1.4429675,1.2920925,1.1201755,0.522473,0.2551896
2017-10-28,1.3298545,1.3678818,0.9670726,0.6267283,0.224848
2017-10-29,1.1998924,1.3360252,0.9904645,0.4886292,0.1754199
2017-10-30,1.3610469,1.2783779,0.9775109,0.5962493,0.2176458
2017-10-31,1.3107835,1.3176404,0.9985486,0.5476687,0.2534036
2017-11-01,1.3314603,1.3621306,0.952942,0.550259,0.2424491
2017-11-02,1.4244037,1.6078676,1.0293491,0.5736968,0.2523212
2017-11-03,1.4488742,1.334217,0.9645081,0.5253874,0.1837091
2017-11-04,1.2233781,1.4924823,1.0453539,0.5619131,0.2228525
2017-11-05,1.1270872,1.4731493,1.0159143,0.5647695,0.211206
2017-11-06,1.2486155,1.3719379,1.0522926,0.5390454,0.2554493
2017-11-07,1.2092092,1.3032883,0.9535929,0.5111123,0.2522347
2017-11-08,1.3432185,1.4134563,0.9471969,0.5813138,0.2463217
2017-11-09,1.3491469,1.3989484,1.0443608,0.5173318,0.2538593
2017-11-10,1.5310155,1.5424249,1.0649476,0.5720928,0.2971442
2017-11-11,1.2672362,1.6152813,0.9647293,0.5479563,0.3569173
2017-11-12,1.2383834,1.5008581,1.0647822,0.5619915,0.2227004
2017-11-13,1.2818668,1.3680039,0.9921839,0.4765254,0.2157284
2017-11-14,1.4888069,1.3662904,0.9757511,0.5598384,0.2059992
2017-11-15,1.3577004,1.675618,1.1754697,0.5339206,0.3244818
2017-11-16,1.5259551,1.814257,1.1783358,0.6284169,0.2977355
2017-11-17,1.4852288,1.6104001,1.1154679,0.6379489,0.2612565
2017-11-18,1.2204362,1.6887265,1.1800694,0.7701781,0.2694761
2017-11-19,1.2191487,1.6948988,1.0220401,0.5092096,0.2347464
2017-11-20,1.2935441,1.5564503,1.06721,0.5770405,0.2680073
2017-11-21,1.2542084,1.7195403,1.0367941,0.661771,0.3119404
2017-11-22,1.411379,1.7667522,0.9804851,0.6393317,0.2410732
2017-11-23,1.3033656,1.6577309,1.0664542,0.5803147,0.2708473
2017-11-24,1.5426415,1.6062772,1.0760416,0.6227886,0.321473
2017-11-25,1.3425846,1.584732,1.1202767,0.5874756,0.3094841
2017-11-26,1.2482333,1.7296415,1.0726138,0.5474127,0.283389
2017-11-27,1.3311167,1.5587493,1.0115958,0.5840504,0.2530245
2017-11-28,1.3346344,1.7179114,0.9449944,0.6125386,0.2100147
2017-11-29,1.4267257,1.6356511,1.0132671,0.5230245,0.2752761
2017-11-30,1.5020552,1.6431467,1.1397067,0.6365876,0.2391261
2017-12-01,1.5091736,1.4819228,1.1708937,0.6046186,0.3104658
2017-12-02,1.479084,1.4663566,1.1324695,0.6030066,0.3005706
2017-12-03,1.2978548,1.5594844,0.9546609,0.5231854,0.2725338
2017-12-04,1.3847997,1.4734582,1.010614,0.4798137,0.2697928
2017-12-05,1.230728,1.550852,1.0407743,0.4461725,0.210688
2017-12-06,1.3417125,1.4203853,0.9995823,0.5568851,0.2429721
2017-12-07,1.3920263,1.3050994,1.1099,0.5229212,0.2712627
2017-12-08,1.6303848,1.6370016,0.9846994,0.5843316,0.276221
2017-12-09,1.3559035,1.5818518,1.2396645,0.5201952,0.2809818
2017-12-10,1.2468997,1.5254865,1.1292789,0.570841,0.3046274
2017-12-11,1.4696131,1.3508739,0.9728806,0.5319486,0.2372741
2017-12-12,1.3511419,1.312622,0.9977872,0.5638309,0.280128
2017-12-13,1.3083809,1.4430734,1.0196864,0.5462413,0.2639117
2017-12-14,1.4299294,1.5869147,1.0854757,0.4939283,0.3052699
2017-12-15,1.6125351,1.5342916,1.1713419,0.5109023,0.2683422
2017-12-16,1.2703755,1.5514478,1.1985759,0.5322959,0.2903758
2017-12-17,1.3599988,1.5448124,1.0769881,0.5298669,0.2981338
2017-12-18,1.4047589,1.421629,1.1252001,0.5345002,0.2831681
2017-12-19,1.4779753,1.3652926,1.2015802,0.5546552,0.3048808
2017-12-20,1.3287001,1.5641314,1.0906151,0.5712978,0.286983
2017-12-21,1.5986245,1.4957704,1.1390435,0.5027308,0.2839913
2017-12-22,1.6104366,1.4475628,1.0875823,0.4707688,0.3216562
2017-12-23,1.4612931,1.487073,1.1276163,0.5526049,0.2780108
2017-12-24,1.3653902,1.5979154,1.0343086,0.600656,0.2812311
2017-12-25,1.4699669,1.3921154,1.0564411,0.5141376,0.2313704
2017-12-26,1.4804582,1.4443483,1.1009713,0.4926966,0.2176664
2017-12-27,1.5841795,1.4959397,1.0231178,0.531052,0.2454901
2017-12-28,1.5705071,1.4818781,1.1096667,0.5567507,0.2825606
2017-12-29,1.7933894,1.6177369,1.2011843,0.6244679,0.2924994
2017-12-30,1.6230142,1.5675504,1.234943,0.5984196,0.3594179
2017-12-31,1.3121844,1.6151682,1.0695618,0.5464028,0.2736937
2018-01-01,1.0543627,1.2317749,0.8658434,0.4125186,0.1949692
2018-01-02,1.3383498,1.3168079,0.9781205,0.5321189,0.2997957
2018-01-03,1.3890149,1.3459275,0.9784639,0.5162776,0.24247
2018-01-04,1.3648656,1.4025923,1.020788,0.491195,0.3193957
2018-01-05,1.4760877,1.2987812,1.1377889,0.4693681,0.2791935
2018-01-06,1.2393915,1.3622607,1.0598053,0.5200608,0.2387242
2018-01-07,1.2546007,1.1626757,1.0155002,0.4161231,0.2678955
2018-01-08,1.4182823,1.3563499,1.077115,0.4834943,0.3064134
2018-01-09,1.4095389,1.4420827,1.0562721,0.4988969,0.258472
2018-01-10,1.5038126,1.471193,1.1029366,0.5383373,0.2608653
2018-01-11,1.4971342,1.5682946,1.1996372,0.5227872,0.3029228
2018-01-12,1.6816688,1.4647739,1.2425467,0.5580812,0.3407825
2018-01-13,1.366569,1.4105572,1.2457437,0.5468803,0.2835883
2018-01-14,1.3356202,1.4318431,1.109355,0.4608888,0.2698394
2018-01-15,1.3864007,1.324573,1.1005391,0.5194807,0.2047409
2018-01-16,1.356816,1.3400346,1.3176478,0.530899,0.1492459
2018-01-17,1.4149647,1.3286407,1.0736426,0.587973,0.177438
2018-01-18,1.4521331,1.5225254,1.0182828,0.5326741,0.1862824
2018-01-19,1.7046827,1.5524003,1.1363305,0.5095482,0.177312
2018-01-20,1.5316773,1.4724167,1.2745307,0.5784706,0.211986
2018-01-21,1.4282612,1.4227687,1.118235,0.6164227,0.2277393
2018-01-22,1.4637186,1.3454986,1.0790185,0.4370606,0.2092721
2018-01-23,1.442337,1.4123549,1.0507443,0.5124608,0.2164395
2018-01-24,1.5363861,1.4157688,1.1532575,0.4833036,0.226171
2018-01-25,1.6534242,1.3698579,1.1531599,0.4789772,0.306295
2018-01-26,1.9858166,1.5504102,1.2098285,0.5728971,0.2512565
2018-01-27,1.5605506,1.6113417,1.3597573,0.6476876,0.2133319
2018-01-28,1.4982993,1.6225971,1.1794043,0.4852447,0.2422254
2018-01-29,1.6791834,1.3558435,1.1353144,0.4795595,0.1905276
2018-01-30,1.6552774,1.42932,1.2019025,0.5092052,0.2725213
2018-01-31,1.6809081,1.403744,1.2148707,0.6066495,0.2468849
2018-02-01,1.6511229,1.5984811,1.1539148,0.6390327,0.3167157
2018-02-02,1.6998375,1.5018567,1.1608935,0.5047729,0.2203211
2018-02-03,1.6488222,1.6915291,1.2823287,0.6270364,0.2639433
2018-02-04,1.6385517,1.636031,1.183398,0.5079313,0.274734
2018-02-05,1.7491683,1.4766538,1.109422,0.5517828,0.2846809
2018-02-06,1.5699965,1.448541,1.1111857,0.4992414,0.2527357
2018-02-07,1.5564277,1.3190793,1.0514712,0.3824546,0.2849626
2018-02-08,1.6026917,1.3855197,0.9708398,0.4586534,0.2231822
2018-02-09,1.8578946,1.2268071,0.9169974,0.4246092,0.2775289
2018-02-10,1.6755611,1.1914536,1.0123129,0.3594032,0.2949581
2018-02-11,1.4944571,0.7343107,0.8927635,0.2752926,0.2163464
2018-02-12,1.5633664,0.6193403,0.6614719,0.1706636,0.1598022
2018-02-13,1.148158,0.4734572,0.5573968,0.142653,0.1685665
2018-02-14,1.06718,0.5117067,0.4812415,0.149515,0.1670299
2018-02-15,0.5215897,0.2763189,0.3825272,0.1041588,0.0826802
2018-02-16,0.3304395,0.2113804,0.3043026,0.0724083,0.0617248
2018-02-17,0.3774683,0.2954995,0.3863885,0.0750947,0.0734182
2018-02-18,0.3654851,0.2279566,0.4807357,0.0688063,0.0957361
2018-02-19,0.3485485,0.2019054,0.4233236,0.0682415,0.0626009
2018-02-20,0.3104725,0.2535118,0.4042327,0.1030263,0.0756635
2018-02-21,0.4283211,0.4221745,0.4793581,0.0948994,0.1377593
2018-02-22,0.5464981,0.3703568,0.5478967,0.1386011,0.0951762
2018-02-23,0.778665,0.6516087,0.5890876,0.2125901,0.1599957
2018-02-24,0.7610313,0.816335,0.8108334,0.2299978,0.1779344
2018-02-25,0.8888903,0.9810242,0.8611018,0.2805531,0.1528884
2018-02-26,0.9791722,1.0638996,0.831915,0.3735771,0.1974318
2018-02-27,1.0739239,1.1489848,0.8987504,0.3760941,0.2052552
2018-02-28,1.1385528,1.0476697,0.8579794,0.4040119,0.24128
2018-03-01,1.3146745,1.2017785,0.9614995,0.4481978,0.2548784
2018-03-02,1.1813985,1.1667739,0.8145667,0.3578628,0.225377
2018-03-03,1.1638343,1.2335808,0.9842407,0.3770196,0.2260009
2018-03-04,1.0094232,1.1017891,0.9955457,0.3855915,0.2600692
2018-03-05,1.3190809,1.2496161,1.0857995,0.4957565,0.2198604
2018-03-06,1.3873492,1.2081244,1.0918719,0.503818,0.2240974
2018-03-07,1.3588756,1.2050833,0.9796508,0.5766039,0.1962177
2018-03-08,1.3961268,1.1233802,1.126223,0.4813131,0.203763
2018-03-09,1.4754656,1.264156,1.1674702,0.512902,0.2607511
2018-03-10,1.3148098,1.464069,1.2980533,0.5520766,0.2095484
2018-03-11,1.2892374,1.2731948,1.1079571,0.4888828,0.2491878
2018-03-12,1.3408907,1.3771171,1.0710429,0.5054003,0.2303626
2018-03-13,1.4637327,1.2424012,1.0169923,0.5154556,0.2261397
2018-03-14,1.3630012,1.2641907,1.0578463,0.4420886,0.2196539
2018-03-15,1.416934,1.2909276,1.0485085,0.4826154,0.260935
2018-03-16,1.5618124,1.2934023,1.0723697,0.5184831,0.1738786
2018-03-17,1.4916227,1.4643912,1.1871088,0.6047952,0.2779151
2018-03-18,1.3090931,1.19702,1.0404578,0.5113218,0.3021995
2018-03-19,1.3637529,1.346219,1.0559585,0.5265507,0.1968891
2018-03-20,1.4230433,1.2761416,1.0577983,0.4916495,0.2441469
2018-03-21,1.4993649,1.3128331,1.1122182,0.5239374,0.292286
2018-03-22,1.5082063,1.3150422,0.9914649,0.5575632,0.2463567
2018-03-23,1.5709163,1.3704078,1.0931635,0.5569201,0.2840632
2018-03-24,1.3970289,1.4097552,1.2853673,0.5048867,0.303137
2018-03-25,1.3275021,1.2941532,1.1252823,0.535368,0.2519993
2018-03-26,1.2944525,1.2903517,1.1067355,0.5640887,0.2536818
2018-03-27,1.5191225,1.3833211,1.171182,0.5384467,0.258095
2018-03-28,1.5982975,1.4103805,1.1801006,0.5840236,0.2691843
2018-03-29,1.6350313,1.4622055,1.163163,0.4998373,0.2607372
2018-03-30,1.8154416,1.3553884,1.1986427,0.5904493,0.2560577
2018-03-31,1.5934665,1.5499608,1.2233462,0.6897912,0.2960739
2018-04-01,1.2982354,1.2653192,1.1987031,0.6509665,0.2392932
2018-04-02,1.4762404,1.4087451,1.1824311,0.5972656,0.2634354
2018-04-03,1.6336903,1.4399012,1.1565692,0.6913524,0.2574595
2018-04-04,1.9124415,1.7458754,1.3806445,0.69435,0.3782064
2018-04-05,1.2539859,1.1606051,0.9211667,0.5223441,0.1872721
2018-04-06,0.9162023,1.0932542,0.8039451,0.3961518,0.1873879
2018-04-07,1.0961909,1.2312314,0.9381228,0.4332415,0.2169403
2018-04-08,1.3796585,1.4419796,1.1670025,0.5679436,0.2651321
2018-04-09,1.570967,1.4662605,1.1534915,0.5431085,0.2808077
2018-04-10,1.5771708,1.3518239,1.1052035,0.6139693,0.2558612
2018-04-11,1.57939,1.4431007,1.2012186,0.5840349,0.2428377
2018-04-12,1.5951271,1.3355359,1.1845806,0.5318003,0.282548
2018-04-13,1.7427644,1.6353145,1.1916515,0.6511433,0.2993117
2018-04-14,1.6221096,1.4867638,1.1847428,0.6152328,0.3139029
2018-04-15,1.3144867,1.2960059,1.2487413,0.5076366,0.2885668
2018-04-16,1.4378788,1.2933682,1.1723331,0.5743785,0.2113283
2018-04-17,1.4569801,1.331881,1.1809214,0.5227662,0.280163
2018-04-18,1.5271328,1.4097936,1.1754791,0.5493511,0.2668521
2018-04-19,1.5566241,1.5274067,1.1230665,0.585708,0.2490582
2018-04-20,1.7398232,1.481488,1.0177577,0.5989199,0.2476765
2018-04-21,1.5320829,1.5176821,1.1408043,0.6608137,0.2849029
2018-04-22,1.4651023,1.4178322,1.2500215,0.6239969,0.2784616
2018-04-23,1.5811979,1.411108,1.0830475,0.609158,0.2396088
2018-04-24,1.7493604,1.5029349,1.1502835,0.5470269,0.2610723
2018-04-25,1.8512237,1.4841085,1.1810518,0.593228,0.237865
2018-04-26,2.1337667,1.5361386,1.2724045,0.6478044,0.2649571
2018-04-27,1.7172406,1.5055579,1.2116402,0.6178388,0.2968185
2018-04-28,2.1426018,1.6584928,1.3652821,0.7317024,0.3303806
2018-04-29,1.8646762,1.759386,1.357653,0.7225031,0.2889089
2018-04-30,1.4236607,1.3926757,0.9515985,0.5887157,0.2424852
2018-05-01,1.2017047,1.1778551,0.8751468,0.5114271,0.2072442
2018-05-02,1.5429879,1.4376159,1.0965614,0.5738408,0.2303957
2018-05-03,1.6161103,1.4012026,1.0914405,0.6067587,0.1881267
2018-05-04,1.7732926,1.4261609,1.1302166,0.5648323,0.2981236
2018-05-05,1.4953379,1.5417143,1.088497,0.6533316,0.2735261
2018-05-06,1.4246539,1.3047286,1.1450388,0.5784535,0.246213
2018-05-07,1.6509867,1.4129537,1.1176021,0.6565628,0.2298924
2018-05-08,1.5490771,1.4152213,1.0481451,0.5947831,0.2354761
2018-05-09,1.7964853,1.4339826,1.0338754,0.691363,0.2912771
2018-05-10,1.6215286,1.4224527,1.1907688,0.6155154,0.2368075
2018-05-11,1.9576052,1.4442185,1.2630837,0.676974,0.3254447
2018-05-12,1.6409836,1.6895606,1.2485494,0.7012568,0.3560378
2018-05-13,1.5612012,1.4167211,1.1393318,0.6750233,0.3896928
2018-05-14,1.7895639,1.7451279,1.0668139,0.6342482,0.3203836
2018-05-15,1.8441761,1.6331081,1.1932352,0.7136733,0.3256909
2018-05-16,1.8566612,1.6850992,1.3673736,0.6840257,0.2922397
2018-05-17,1.9571756,1.6905138,1.2448059,0.6790778,0.315642
2018-05-18,2.1773406,1.7654401,1.3753653,0.5512912,0.3886503
2018-05-19,1.8184921,1.7811304,1.3250177,0.7584939,0.3375249
2018-05-20,1.8515514,1.8560284,1.1767772,0.6902311,0.3220931
2018-05-21,1.9510132,1.5624288,1.303216,0.6775747,0.2643526
2018-05-22,1.8665079,1.7612379,1.2321372,0.6564654,0.3665012
2018-05-23,1.8295167,1.6289399,1.3179301,0.6486257,0.2835801
2018-05-24,1.9404651,1.6982388,1.2741908,0.6293963,0.3192375
2018-05-25,2.3051604,1.8333997,1.4519179,0.8450951,0.3941649
2018-05-26,1.9449169,1.813189,1.2196777,0.7185081,0.2930151
2018-05-27,1.5660826,1.5667539,1.1349506,0.5899565,0.2727424
2018-05-28,1.8301483,1.6024926,1.3183951,0.5510015,0.320434
2018-05-29,1.9597314,1.8027279,1.2048507,0.620624,0.320179
2018-05-30,2.1956815,1.756604,1.1881257,0.6932012,0.3222965
2018-05-31,2.1206981,1.8614012,1.4474361,0.7260417,0.3274337
2018-06-01,2.0911866,1.6341155,1.2388684,0.7089408,0.3396963
2018-06-02,1.8572613,1.7328966,1.1082153,0.7489951,0.3173477
2018-06-03,1.6786153,1.5360894,1.2311791,0.6560667,0.322464
2018-06-04,1.920982,1.722686,1.1666113,0.6798268,0.3349678
2018-06-05,1.8305236,1.4500106,1.1831951,0.613124,0.268503
2018-06-06,1.8340091,1.3134021,1.0666183,0.6204378,0.2875494
2018-06-07,1.8517197,1.3508002,1.1144522,0.5338322,0.209653
2018-06-08,1.8491153,1.4519908,1.2008615,0.4841244,0.341314
2018-06-09,1.7486719,1.5921582,1.6155997,0.6750986,0.3343301
2018-06-10,1.5740183,1.4624348,1.1845187,0.6231518,0.2569673
2018-06-11,1.94722,1.6705566,1.3461909,0.7725501,0.2582472
2018-06-12,1.8667456,1.3537906,1.1509813,0.5979242,0.3242669
2018-06-13,1.7899887,1.453618,1.1462823,0.6327752,0.2770388
2018-06-14,2.0907383,1.5575586,1.3495329,0.6256998,0.2776393
2018-06-15,2.3289891,1.7557941,1.2749175,0.7468489,0.2973816
2018-06-16,2.1515028,1.7303319,1.6471867,0.7308686,0.2823216
2018-06-17,1.5811011,1.5114871,1.0521951,0.7214363,0.3071325
2018-06-18,1.2437943,1.2613598,0.8079363,0.5422083,0.2367962
2018-06-19,1.8470989,1.3789634,1.1884677,0.5488848,0.277799
2018-06-20,1.8072392,1.6705677,1.3735806,0.6330437,0.3236104
2018-06-21,1.8529259,1.6456122,1.1872211,0.6731267,0.3034822
2018-06-22,1.9434996,1.666676,1.2695348,0.6438871,0.262534
2018-06-23,1.8064375,1.4039073,1.5992497,0.6478101,0.2729881
2018-06-24,1.459161,1.3893189,1.1724728,0.587777,0.3533275
2018-06-25,1.863075,1.5456613,1.1214044,0.7690016,0.308806
2018-06-26,1.987401,1.4594794,1.26799,0.6462867,0.3021411
2018-06-27,2.0304845,1.7239046,1.1735964,0.6282808,0.35183
2018-06-28,1.8542835,1.4313056,1.1606224,0.7052925,0.3063801
2018-06-29,2.2098295,1.6561201,1.3270198,0.7206233,0.3818939
2018-06-30,2.1582955,1.7311072,1.8738037,0.7225054,0.3338206
2018-07-01,1.6422474,1.5511456,1.0843313,0.5901107,0.2735649
2018-07-02,1.800651,1.5614887,1.0680364,0.6165643,0.2367504
2018-07-03,1.9779449,1.5162464,1.0179517,0.667317,0.3084925
2018-07-04,1.9629308,1.4760497,1.3015533,0.746652,0.3379732
2018-07-05,1.9080617,1.5524809,1.1704846,0.7044931,0.3425898
2018-07-06,2.2035976,1.559467,1.2722499,0.6680846,0.2944491
2018-07-07,1.7887805,1.4815373,2.007111,0.7423571,0.3287351
2018-07-08,1.880116,1.4270734,1.149854,0.6319136,0.3800675
2018-07-09,2.1375031,1.6883757,1.2454657,0.6952033,0.4182991
2018-07-10,1.9642727,1.5552846,1.0830595,0.6929932,0.3555016
2018-07-11,1.6849145,1.5990156,1.2620754,0.6496013,0.3307929
2018-07-12,1.9812784,1.588704,1.1990894,0.6538833,0.3194341
2018-07-13,2.3033293,1.6400977,1.293777,0.6262845,0.2584795
2018-07-14,1.7658727,1.6403775,1.9428939,0.759103,0.3354426
2018-07-15,1.6372767,1.2670663,1.078646,0.6137682,0.306569
2018-07-16,1.9308543,1.4035296,1.055085,0.7753734,0.3282623
2018-07-17,2.055815,1.573273,1.084807,0.6903499,0.3632263
2018-07-18,1.8346443,1.5010614,1.2005804,0.737459,0.3274627
2018-07-19,2.1209471,1.5613907,1.1338028,0.7037251,0.3251211
2018-07-20,2.2682911,1.6874062,1.2300723,0.7703261,0.3876502
2018-07-21,2.0086064,1.7426042,2.0730034,0.9380865,0.3492096
2018-07-22,1.6692763,1.5760438,1.131308,0.6560875,0.3313008
2018-07-23,1.8426475,1.5665686,1.1054937,0.6676759,0.254261
2018-07-24,1.9627605,1.4401772,1.0795499,0.6683221,0.3301151
2018-07-25,1.9744378,1.444998,1.2871084,0.7223442,0.3891637
2018-07-26,1.8066151,1.3540679,1.0633636,0.7974708,0.3380212
2018-07-27,2.0696707,1.6217055,1.1303712,0.7027431,0.4104003
2018-07-28,1.9780934,1.6409717,1.9334397,0.8772235,0.3681772
2018-07-29,1.8598612,1.5914302,1.1193536,0.6657978,0.3452718
2018-07-30,1.9576137,1.6535752,1.0971374,0.7224004,0.3494185
2018-07-31,1.968435,1.7250557,1.1360568,0.7569243,0.4258338
2018-08-01,1.8313694,1.6523152,1.2876857,0.8186395,0.3500543
2018-08-02,1.9547723,1.6173873,1.051521,0.7693293,0.3586055
2018-08-03,2.092931,1.6229938,1.2152731,0.7219994,0.3409559
2018-08-04,1.8891004,1.7283582,1.9800533,0.7130311,0.3883313
2018-08-05,1.6691284,1.3472075,1.0787778,0.6837499,0.3464173
2018-08-06,2.1528588,1.5858563,1.0783956,0.681246,0.4123655
2018-08-07,1.8879731,1.5573365,1.1609523,0.6447389,0.3653469
2018-08-08,2.052912,1.517973,1.2595035,0.7552663,0.3213264
2018-08-09,1.9702485,1.4760695,1.1785965,0.7051341,0.3889027
2018-08-10,1.9933152,1.4682629,1.2626106,0.6948206,0.279719
2018-08-11,1.7903934,1.6120923,1.9253443,0.7292879,0.3386243
2018-08-12,1.53434,1.4131783,1.0309544,0.5614608,0.2975428
2018-08-13,1.9156786,1.4846244,1.1902877,0.7373636,0.4048151
2018-08-14,1.87333,1.5487755,1.1385903,0.6008674,0.2967002
2018-08-15,1.9973662,1.4855095,1.2027639,0.7124494,0.3534919
2018-08-16,1.9658195,1.3870354,1.0837383,0.706727,0.3364578
2018-08-17,2.2181865,1.757646,1.2103615,0.8236855,0.4931085
2018-08-18,1.9968402,1.5207946,1.8719859,0.6795455,0.3290026
2018-08-19,1.521325,1.3427422,1.12067,0.5790616,0.3465424
2018-08-20,1.9342279,1.387051,1.1282878,0.8161674,0.3388319
2018-08-21,1.9467103,1.4914984,1.3050851,0.7299471,0.3260463
2018-08-22,1.8426272,1.6621195,1.1183923,0.7581881,0.3219897
2018-08-23,2.0355544,1.431916,1.1886813,0.694847,0.3885448
2018-08-24,2.284024,1.6204638,1.3105126,0.7172255,0.3630389
2018-08-25,1.9663904,1.5480644,1.9559526,0.8079257,0.342723
2018-08-26,1.7505486,1.5658058,0.9967001,0.7189602,0.3233924
2018-08-27,1.8959157,1.4315032,1.121487,0.6725178,0.3131063
2018-08-28,1.9292077,1.4341296,1.0886275,0.6691426,0.2984325
2018-08-29,1.9836925,1.327032,1.0795225,0.7180488,0.2860762
2018-08-30,2.0327283,1.4290672,1.1441108,0.6678137,0.3782275
2018-08-31,2.2187317,1.5024746,1.1740552,0.656275,0.3197764
2018-09-01,1.8608726,1.541391,1.7761774,0.7758361,0.3265837
